{
  "name": "awesome-bootstrap-checkbox",
  "main": [
    "awesome-bootstrap-checkbox.css",
    "awesome-bootstrap-checkbox.scss"
  ],
  "version": "0.3.5",
  "homepage": "https://github.com/flatlogic/awesome-bootstrap-checkbox",
  "authors": [
    "okendoken flatlogic.com"
  ],
  "license": "MIT",
  "ignore": [
    "**/.*",
    "bower_components"
  ],
  "dependencies": {},
  "devDependencies": {
    "bootstrap-sass-official": "3.3.3",
    "font-awesome-sass": "4.3.1"
  },
  "_release": "0.3.5",
  "_resolution": {
    "type": "version",
    "tag": "v0.3.5",
    "commit": "732f27587565af780d2afc594a50b22cda3d897d"
  },
  "_source": "git://github.com/flatlogic/awesome-bootstrap-checkbox.git",
  "_target": "0.3.5",
  "_originalSource": "awesome-bootstrap-checkbox"
}